0.05,1.00001228677419
0.1,1.00001287918614
0.15,1.00001254090396
0.2,1.00001229143246
0.25,1.00001220668521
0.3,1.00001228995485
0.35,1.0000125340626
0.4,1.00001292964838
0.45,1.000013467379
0.5,1.00001413839452
0.55,1.00001493412658
0.6,1.00001584645013
0.65,1.00001686737768
0.700000000000001,1.00001798922098
0.750000000000001,1.00001920475643
0.800000000000001,1.00002050696762
0.850000000000001,1.00002188962323
0.900000000000001,1.00002334659306
0.950000000000001,1.00002487264856
1,1.00002646299726
1.05,1.00002811341448
1.09999999999999,1.00002982005122
1.14999999999998,1.00003157972429
1.19999999999998,1.00003338951689
1.24999999999997,1.00003524733426
1.29999999999997,1.00003715093591
1.34999999999996,1.00003909879235
1.39999999999996,1.00004108973936
1.44999999999995,1.00004312253648
1.49999999999995,1.00004519640794
1.54999999999994,1.00004731073685
1.59999999999993,1.00004946510505
1.64999999999993,1.00005165938483
1.69999999999992,1.00005389342628
1.74999999999992,1.0000561671724
1.79999999999991,1.00005848074001
1.84999999999991,1.00006083435388
1.8999999999999,1.00006322833494
1.9499999999999,1.00006566306968
1.99999999999989,1.0000681390118
2.04999999999989,1.00007065656431
2.09999999999988,1.00007321593425
2.14999999999987,1.00007581792088
2.19999999999987,1.00007846304883
2.24999999999986,1.00008115195946
2.29999999999986,1.00008388498428
2.34999999999985,1.0000866630087
2.39999999999985,1.00008948646747
2.44999999999984,1.00009235591138
2.49999999999984,1.00009527200738
2.54999999999983,1.00009823542436
2.59999999999982,1.00010124697
2.64999999999982,1.00010430671645
2.69999999999981,1.0001074156508
2.74999999999981,1.00011057448271
2.7999999999998,1.00011378344575
2.8499999999998,1.00011704371791
2.89999999999979,1.00012035537613
2.94999999999979,1.00012371926715
2.99999999999978,1.00012713596824
3.04999999999978,1.00013060601584
3.09999999999977,1.00013412991898
3.14999999999976,1.00013770849966
3.19999999999976,1.00014134225303
3.24999999999975,1.00014503143547
3.29999999999975,1.00014877719447
3.34999999999974,1.00015257947809
3.39999999999974,1.00015643935449
3.44999999999973,1.00016035704442
3.49999999999973,1.00016435224744
3.54999999999972,1.0001691546226
3.59999999999971,1.00017415009009
3.64999999999971,1.00017921453797
3.6999999999997,1.00018434690538
3.7499999999997,1.00018955156027
3.79999999999969,1.00019483353649
3.84999999999969,1.00020019731126
3.89999999999968,1.00020564704687
3.94999999999968,1.00021118692377
3.99999999999967,1.00021681954159
4.04999999999969,1.00022234939979
4.0999999999997,1.00022719056683
4.14999999999972,1.00023232817426
4.19999999999974,1.00023772225419
4.24999999999975,1.00024333394491
4.29999999999977,1.00024913526015
4.34999999999979,1.00025510735797
4.3999999999998,1.00026123647816
4.44999999999982,1.00026751287777
4.49999999999984,1.0002739285876
4.54999999999985,1.0002804765109
4.59999999999987,1.00028715216143
4.64999999999989,1.00029395130525
4.6999999999999,1.0003008705018
4.74999999999992,1.00030790687601
4.79999999999994,1.00031505723041
4.84999999999995,1.00032231965495
4.89999999999997,1.00032969177519
4.94999999999999,1.00033717234567
5,1.00034475961153
5.05000000000002,1.00035245190193
5.10000000000004,1.00036024801327
5.15000000000005,1.00036814701116
5.20000000000007,1.0003761475657
5.25000000000009,1.00038424831442
5.3000000000001,1.00039249066435
5.35000000000012,1.00040127020181
5.40000000000014,1.00040973442247
5.45000000000015,1.00041809217079
5.50000000000017,1.00042643630315
5.55000000000019,1.00043482267616
5.6000000000002,1.00044328880053
5.65000000000022,1.00045186116667
5.70000000000024,1.00045932107754
5.75000000000025,1.00046660430776
5.80000000000027,1.00047453803194
5.85000000000029,1.00048296572647
5.90000000000031,1.0004918014024
5.95000000000032,1.00050098542393
6.00000000000034,1.00051047319659
6.05000000000036,1.00052022968863
6.10000000000037,1.00053022588888
6.15000000000039,1.00054043946959
6.20000000000041,1.00055084875773
6.25000000000042,1.00056143852003
6.30000000000044,1.00057219425374
6.35000000000046,1.00058310399172
6.40000000000047,1.00059415667591
6.45000000000049,1.00060534267354
6.50000000000051,1.00061665381812
6.55000000000052,1.00062808306348
6.60000000000054,1.00063962332696
6.65000000000056,1.00065126919701
6.70000000000057,1.00066301573149
6.75000000000059,1.00067485737564
6.80000000000061,1.00068679057119
6.85000000000062,1.00069881087572
6.90000000000064,1.00071091535874
6.95000000000066,1.00072310119185
7.00000000000067,1.00073536480672
7.05000000000069,1.00074770386171
7.10000000000071,1.00076011570094
7.15000000000072,1.00077259897003
7.20000000000074,1.00078514997803
7.25000000000076,1.00079605106413
7.30000000000077,1.00080465588822
7.35000000000079,1.00081416869739
7.40000000000081,1.00082456978636
7.45000000000082,1.000835694471
7.50000000000084,1.00084739555633
7.55000000000086,1.00085955474315
7.60000000000087,1.00087207547077
7.65000000000089,1.0008848824776
7.70000000000091,1.00089783913429
7.75000000000092,1.00090776652536
7.80000000000094,1.00091803104501
7.85000000000096,1.00092934655479
7.90000000000097,1.00094150968386
7.95000000000099,1.00095433329833
8.00000000000101,1.00096766249001
8.05000000000098,1.00098137424142
8.10000000000095,1.00099536938064
8.15000000000092,1.0010095708832
8.20000000000089,1.00102391590029
8.25000000000087,1.00103835666943
8.30000000000084,1.00105285516213
8.35000000000081,1.00106737860941
8.40000000000078,1.00108190780787
8.45000000000076,1.00109642306487
8.50000000000073,1.00111090806325
8.5500000000007,1.00112535426878
8.60000000000067,1.00113975143527
8.65000000000065,1.00115409549043
8.70000000000062,1.00116837906578
8.75000000000059,1.00118260167326
8.80000000000056,1.00119675812831
8.85000000000053,1.00121084962595
8.90000000000051,1.00122487376505
8.95000000000048,1.00123882976904
9.00000000000045,1.00125272003158
9.05000000000042,1.00126654424715
9.1000000000004,1.00128030333348
9.15000000000037,1.00118058389292
9.20000000000034,1.00105049046716
9.25000000000031,1.00099600099098
9.30000000000028,1.0009672373928
9.35000000000026,1.00095489505354
9.40000000000023,1.00095299152073
9.4500000000002,1.00095743327132
9.50000000000017,1.00096569076221
9.55000000000015,1.0009761983089
9.60000000000012,1.00098798366628
9.65000000000009,1.00086741436359
9.70000000000006,1.00078147586158
9.75000000000004,1.00077764758728
9.80000000000001,1.00079390796294
9.84999999999998,1.00081538477999
9.89999999999995,1.00083685837465
9.94999999999992,1.00085656280748
9.9999999999999,1.0008741346325
10.0499999999999,1.00088973984287
10.0999999999998,1.00090370244654
10.1499999999998,1.00091635288035
10.1999999999998,1.00092797170182
10.2499999999998,1.00093878508671
10.2999999999997,1.00094896664381
10.3499999999997,1.00095864479853
10.3999999999997,1.00096791844956
10.4499999999996,1.00097686302853
10.4999999999996,1.00098553638487
10.5499999999996,1.00099398172602
10.5999999999996,1.00100223458034
10.6499999999995,1.00101032764127
10.6999999999995,1.00101828279649
10.7499999999995,1.00102612316112
10.7999999999995,1.00103386617853
10.8499999999994,1.00104153039285
10.8999999999994,1.00104913171344
10.9499999999994,1.00085657582388
10.9999999999993,1.00067275096869
11.0499999999993,1.0005923262422
11.0999999999993,1.00054725745293
11.1499999999993,1.00052107928959
11.1999999999992,1.00050561342311
11.2499999999992,1.00049649365401
11.2999999999992,1.00049129690379
11.3499999999991,1.00048863565944
11.3999999999991,1.00048768297742
11.4499999999991,1.00048793148014
11.4999999999991,1.00048905717918
11.549999999999,1.00049084637569
11.599999999999,1.00049315520519
11.649999999999,1.00049588423972
11.699999999999,1.00049895887027
11.7499999999989,1.00050232748301
11.7999999999989,1.00050595026639
11.8499999999989,1.00050979592422
11.8999999999988,1.0005138406427
11.9499999999988,1.00051806508898
11.9999999999988,1.00052245451215
12.0499999999988,1.0005269965438
12.0999999999987,1.0005316803096
12.1499999999987,1.00053649767936
12.1999999999987,1.00054144145787
12.2499999999986,1.00054650557399
12.2999999999986,1.00055168437183
12.3499999999986,1.00055697425129
12.3999999999986,1.00059341783054
12.4499999999985,1.00060431789557
12.4999999999985,1.00062090970447
12.5499999999985,1.00063974490084
12.5999999999985,1.00065883013303
12.6499999999984,1.00067735443858
12.6999999999984,1.00069503548554
12.7499999999984,1.00071183800464
12.7999999999983,1.00072783205104
12.8499999999983,1.00074312378585
12.8999999999983,1.0007578223388
12.9499999999983,1.00077203037665
12.9999999999982,1.0007858331559
13.0499999999982,1.00079930418309
13.0999999999982,1.0008125059121
13.1499999999982,1.00082548541912
13.1999999999981,1.00083828535473
13.2499999999981,1.00085093727207
13.2999999999981,1.00076132925846
13.349999999998,1.00068258726206
13.399999999998,1.00064816095469
13.449999999998,1.00063044653317
13.499999999998,1.00062390557403
13.5499999999979,1.00062486677508
13.5999999999979,1.00063079196291
13.6499999999979,1.00063996634339
13.6999999999978,1.00065124679201
13.7499999999978,1.00066387145335
13.7999999999978,1.00067733526892
13.8499999999978,1.00069130221351
13.8999999999977,1.00070555213316
13.9499999999977,1.00071994258583
13.9999999999977,1.00073438147919
14.0499999999977,1.00074881269799
14.0999999999976,1.0007632041576
14.1499999999976,1.00077753923344
14.1999999999976,1.00079181290064
14.2499999999975,1.00080602452514
14.2999999999975,1.00082018013419
14.3499999999975,1.0008342869968
14.3999999999975,1.00084835462904
14.4499999999974,1.00084985244181
14.4999999999974,1.00083816808552
14.5499999999974,1.00083162055249
14.5999999999973,1.00082949667774
14.6499999999973,1.00083069390054
14.6999999999973,1.000834266643
14.7499999999973,1.00083954698467
14.7999999999972,1.00084608998268
14.8499999999972,1.00085359697079
14.8999999999972,1.0008618634208
14.9499999999972,1.00087074448562
14.9999999999971,1.00088013647781
15.0499999999971,1.00088995956286
15.0999999999971,1.0009001528851
15.149999999997,1.00091066869578
15.199999999997,1.00092146868847
15.249999999997,1.00093252123705
15.299999999997,1.00094380135703
15.3499999999969,1.00095528710454
15.3999999999969,1.00096696282195
15.4499999999969,1.00097881254676
15.4999999999968,1.00099082422161
15.5499999999968,1.00100298941584
15.5999999999968,1.00101529837006
15.6499999999968,1.00102774503004
15.6999999999967,1.00104032308656
15.7499999999967,1.00105302881701
15.7999999999967,1.00106585697147
15.8499999999967,1.0010788052272
15.8999999999966,1.0010918699994
15.9499999999966,1.00110504952555
15.9999999999966,1.00111834286137
16.0499999999966,1.00113174769127
16.0999999999967,1.00114362204903
16.1499999999968,1.00115482325542
16.1999999999968,1.00116475125017
16.2499999999969,1.00117566889988
16.2999999999969,1.00118751286018
16.349999999997,1.00120005938373
16.3999999999971,1.00121314426158
16.4499999999971,1.001226649776
16.4999999999972,1.00124049188703
16.5499999999972,1.00125461061774
16.5999999999973,1.00126896006632
16.6499999999974,1.00128350855254
16.6999999999974,1.00129823030212
16.7499999999975,1.00131310849726
16.7999999999975,1.00132813070097
16.8499999999976,1.00126388201131
16.8999999999977,1.00111952928434
16.9499999999977,1.00106317913061
16.9999999999978,1.00103512899885
17.0499999999979,1.00102081149264
17.0999999999979,1.00101383308456
17.149999999998,1.00100997670946
17.199999999998,1.00100717305794
17.2499999999981,1.00100658582895
17.2999999999982,1.0010075988036
17.3499999999982,1.00100985177165
17.3999999999983,1.00101309507808
17.4499999999983,1.00101713602246
17.4999999999984,1.00102182402932
17.5499999999985,1.00102703801488
17.5999999999985,1.00103267920032
17.6499999999986,1.0010386687619
17.6999999999986,1.00104494138788
17.7499999999987,1.00105144431807
17.7999999999988,1.00105813554735
17.8499999999988,1.00106497987357
17.8999999999989,1.00107194866736
17.949999999999,1.00107901969302
17.999999999999,1.00108617409198
18.0499999999991,1.00109339673654
18.0999999999991,1.00110067706672
18.1499999999992,1.0011080041752
18.1999999999993,1.00111537075502
18.2499999999993,1.00112277062136
18.2999999999994,1.00113019949921
18.3499999999994,1.00113765438754
18.3999999999995,1.0011451321164
18.4499999999996,1.00095964609959
18.4999999999996,1.00086687528845
18.5499999999997,1.00084171742981
18.5999999999997,1.00084112124722
18.6499999999998,1.00084975918314
18.6999999999999,1.00086150179966
18.7499999999999,1.00087397954685
18.8,1.00088664431285
18.8500000000001,1.00089904310626
18.9000000000001,1.00091023164768
18.9500000000002,1.00092120256363
19.0000000000002,1.00093221734056
19.0500000000003,1.00094337303929
19.1000000000004,1.00095471748481
19.1500000000004,1.00096627100024
19.2000000000005,1.00097804234126
19.2500000000005,1.00090992146833
19.3000000000006,1.00084194683236
19.3500000000007,1.00081013723028
19.4000000000007,1.0004905660923
19.4500000000008,1.00037941690166
19.5000000000008,1.00032690298099
19.5500000000009,1.00030007793327
19.600000000001,1.00028637944192
19.650000000001,1.0002798308412
19.7000000000011,1.00027742970484
19.7500000000012,1.00027757100254
19.8000000000012,1.0002793469927
19.8500000000013,1.0002822194536
19.9000000000013,1.00028585529873
19.9500000000014,1.00029004111215
20.0000000000015,1.0002946370365
20.0500000000015,1.00029954855292
20.1000000000016,1.00030471220608
20.1500000000016,1.00031008302128
20.2000000000017,1.00031562981049
20.2500000000018,1.00032133129762
20.3000000000018,1.00032717136482
20.3500000000019,1.00033313917855
20.4000000000019,1.00033922683068
20.450000000002,1.00034542948212
20.5000000000021,1.0003517429819
20.5500000000021,1.00035816388012
20.6000000000022,1.00036469184026
20.6500000000023,1.00037132109862
20.7000000000023,1.00037710617546
20.7500000000024,1.00038343420159
20.8000000000024,1.00039001521721
20.8500000000025,1.00039672252531
20.9000000000026,1.00040351622174
20.9500000000026,1.00041038054004
21.0000000000027,1.00041731396999
21.0500000000027,1.00042431998983
21.1000000000028,1.00043140431968
21.1500000000029,1.00043857347392
21.2000000000029,1.00044583513815
21.250000000003,1.00045319528641
21.300000000003,1.00046065878961
21.3500000000031,1.00046823015324
21.4000000000032,1.00047591284841
21.4500000000032,1.00048371112167
21.5000000000033,1.00049162670602
21.5500000000034,1.00049966135941
21.6000000000034,1.00050781795582
21.6500000000035,1.00051609749941
21.7000000000035,1.0005245011701
21.7500000000036,1.0005330305032
21.8000000000037,1.00054168563745
21.8500000000037,1.00055046756584
21.9000000000038,1.00055937570134
21.9500000000038,1.0005684114783
22.0000000000039,1.00057757622101
22.050000000004,1.00058686919547
22.100000000004,1.00059629038456
22.1500000000041,1.00060584103928
22.2000000000041,1.00061552072368
22.2500000000042,1.00062532994771
22.3000000000043,1.00063526813776
22.3500000000043,1.00064533591535
22.4000000000044,1.0006555332322
22.4500000000045,1.00066586089457
22.5000000000045,1.00067631828932
22.5500000000046,1.00068690496802
22.6000000000046,1.00069762239301
22.6500000000047,1.00070846955182
22.7000000000048,1.00071944602135
22.7500000000048,1.00073055358136
22.8000000000049,1.00074064702404
22.8500000000049,1.00075027862515
22.900000000005,1.00076058837041
22.9500000000051,1.00077149654573
23.0000000000051,1.00078287782086
23.0500000000052,1.00079463454842
23.1000000000052,1.00080669937639
23.1500000000053,1.00081838853069
23.2000000000054,1.00082956148429
23.2500000000054,1.00084102366829
23.3000000000055,1.00085283093599
23.3500000000056,1.0008649552811
23.4000000000056,1.0008773591334
23.4500000000057,1.00089000977057
23.5000000000057,1.00090288187995
23.5500000000058,1.00091595261752
23.6000000000059,1.00092906199894
23.6500000000059,1.00094237266377
23.700000000006,1.00095617618298
23.750000000006,1.00097050164055
23.8000000000061,1.00098490000975
23.8500000000062,1.00099930896575
23.9000000000062,1.00101374041603
23.9500000000063,1.00102821647738
24.0000000000063,1.00104275606232
24.0500000000064,1.00105737576559
24.1000000000065,1.00107209108066
24.1500000000065,1.00108691327696
24.2000000000066,1.001101854686
24.2500000000067,1.001116922123
24.3000000000067,1.0011321239206
24.3500000000068,1.00114746570645
24.4000000000068,1.00116295159773
24.4500000000069,1.00117855779928
24.500000000007,1.00119436761478
24.550000000007,1.00120920162731
24.6000000000071,1.00122363856545
24.6500000000071,1.00123821133408
24.7000000000072,1.00125302328086
24.7500000000073,1.00126808708358
24.8000000000073,1.00128411226901
24.8500000000074,1.00129998085534
24.9000000000074,1.00131602051912
24.9500000000075,1.00133232173685
25.0000000000076,1.00134889876265
25.0500000000076,1.00136575109905
25.1000000000077,1.00138287488793
25.1500000000078,1.00140026020283
25.2000000000078,1.00141789851548
25.2500000000079,1.00143578192708
25.3000000000079,1.00122108399791
25.350000000008,1.00111176434449
25.4000000000081,1.00107314512997
25.4500000000081,1.00105815486928
25.5000000000082,1.00105308555598
25.5500000000082,1.0010529276501
25.6000000000083,1.00105559371102
25.6500000000084,1.0010601042983
25.7000000000084,1.00106594240096
25.7500000000085,1.00107280484174
25.8000000000085,1.00108049423022
25.8500000000086,1.00108857587865
25.9000000000087,1.00109702809764
25.9500000000087,1.00110649978422
26.0000000000088,1.00111681657407
26.0500000000089,1.00112780380798
26.1000000000089,1.00113933020053
26.150000000009,1.00115129683344
26.200000000009,1.00116363366111
26.2500000000091,1.00117629042732
26.3000000000092,1.00118922552509
26.3500000000092,1.00120241166846
26.4000000000093,1.00121582554867
26.4500000000093,1.00122945057935
26.5000000000094,1.00124327324056
26.5500000000095,1.0012572824924
26.6000000000095,1.00127146969118
26.6500000000096,1.00132363292514
26.7000000000096,1.00133512425215
26.7500000000097,1.00134839998007
26.8000000000098,1.00136290488098
26.8500000000098,1.0014089916929
26.9000000000099,1.00141987526374
26.95000000001,1.00143320895899
27.00000000001,1.00144805177636
27.0500000000101,1.00146372079692
27.1000000000101,1.00144163531557
27.1500000000102,1.00148266506833
27.2000000000103,1.00153806347026
27.2500000000103,1.00156611394586
27.3000000000104,1.00142836469037
27.3500000000104,1.00157923265591
27.4000000000105,1.00166280771294
27.4500000000106,1.00173344272766
27.5000000000106,1.00179306654289
27.5500000000107,1.00184406059098
27.6000000000107,1.00188878159507
27.6500000000108,1.0019289627061
27.7000000000109,1.00196577788516
27.7500000000109,1.00200001443843
27.800000000011,1.00203220639419
27.8500000000111,1.00206273437463
27.9000000000111,1.0020918780522
27.9500000000112,1.00211985577413
28.0000000000112,1.00214684108404
28.0500000000113,1.00217298208008
28.1000000000114,1.00219840108011
28.1500000000114,1.00222320249422
28.2000000000115,1.00224747938373
28.2500000000115,1.00196138035646
28.3000000000116,1.00190198691286
28.3500000000117,1.00188739814557
28.4000000000117,1.00188995328628
28.4500000000118,1.00155699999435
28.5000000000118,1.00129967745298
28.5500000000119,1.00124336582992
28.600000000012,1.00122359617262
28.650000000012,1.00121428662194
28.7000000000121,1.00121051628911
28.7500000000122,1.00121026907622
28.8000000000122,1.00121230949127
28.8500000000123,1.00121584654693
28.9000000000123,1.00122038132678
28.9500000000124,1.00122560397773
29.0000000000125,1.00123132563047
29.0500000000125,1.00123743097163
29.1000000000126,1.00124384841641
29.1500000000126,1.00125053541271
29.2000000000127,1.00125746383205
29.2500000000128,1.00126461128496
29.3000000000128,1.00127196796546
29.3500000000129,1.00127952009647
29.4000000000129,1.00128725910349
29.450000000013,1.00129517516372
29.5000000000131,1.00130326535831
29.5500000000131,1.00131151925506
29.6000000000132,1.00131992324698
29.6500000000133,1.00124330561151
29.7000000000133,1.00123904224014
29.7500000000134,1.00123467987742
29.8000000000134,1.00123294136385
29.8500000000135,1.00123334756593
29.9000000000136,1.00123535818418
29.9500000000136,1.00123859689801
30.0000000000137,1.00124279489116
30.0500000000137,1.00124775594461
30.1000000000138,1.00125333853978
30.1500000000139,1.00125943562124
30.2000000000139,1.00126596628263
30.250000000014,1.00127286895393
30.300000000014,1.00128009935094
30.3500000000141,1.00128761957884
30.4000000000142,1.00129540210105
30.4500000000142,1.00130342320403
30.5000000000143,1.00131166439225
30.5500000000144,1.00132011127506
30.6000000000144,1.0013287510603
30.6500000000145,1.00143428410321
30.7000000000145,1.0014364135659
30.7500000000146,1.0014411769136
30.8000000000147,1.00144671367578
30.8500000000147,1.00145255591763
30.9000000000148,1.00107119042172
30.9500000000148,1.0009942494211
31.0000000000149,1.00094416710885
31.050000000015,1.00095175950486
31.100000000015,1.00095649059571
31.1500000000151,1.00095943772567
31.2000000000151,1.00096218682729
31.2500000000152,1.00096494619871
31.3000000000153,1.00096774916312
31.3500000000153,1.00097063620402
31.4000000000154,1.00097363500709
31.4500000000155,1.00097676680209
31.5000000000155,1.00097899198519
31.5500000000156,1.0009811610828
31.6000000000156,1.00098398014338
31.6500000000157,1.00098710264467
31.7000000000158,1.00098925606294
31.7500000000158,1.00099180541869
31.8000000000159,1.00099490025569
31.8500000000159,1.00099839062952
31.900000000016,1.00100215416495
31.9500000000161,1.00100611771211
32.0000000000161,1.00101023734432
32.050000000016,1.00101449011151
32.1000000000159,1.0010188661864
32.1500000000158,1.00102335754708
32.2000000000157,1.00102796513317
32.2500000000155,1.00103268996162
32.3000000000154,1.00103671034662
32.3500000000153,1.00104051955934
32.4000000000152,1.00104447694677
32.4500000000151,1.00104858802568
32.500000000015,1.00105285268786
32.5500000000148,1.00105727437036
32.6000000000147,1.00108800561956
32.6500000000146,1.00109493802617
32.7000000000145,1.00110388247734
32.7500000000144,1.00111333430108
32.8000000000143,1.00112286785971
32.8500000000141,1.00113245918925
32.900000000014,1.00114218248677
32.9500000000139,1.00115209929027
33.0000000000138,1.00116224559932
33.0500000000137,1.00117262670848
33.1000000000136,1.00118323577525
33.1500000000134,1.00119405958464
33.2000000000133,1.00120508270827
33.2500000000132,1.00121629163801
33.3000000000131,1.00122767308866
33.350000000013,1.00123922037213
33.4000000000129,1.00125092678837
33.4500000000127,1.0012627873751
33.5000000000126,1.00127480015884
33.5500000000125,1.00128696474358
33.6000000000124,1.0012992793336
33.6500000000123,1.00131174584524
33.7000000000122,1.00132436339922
33.750000000012,1.00133713578245
33.8000000000119,1.00135006196967
33.8500000000118,1.00126295391403
33.9000000000117,1.00111298355214
33.9500000000116,1.0010600409154
34.0000000000115,1.00103751292509
34.0500000000113,1.0010280929982
34.1000000000112,1.00102535859709
34.1500000000111,1.00102648610929
34.200000000011,1.00087435685748
34.2500000000109,1.00084715839327
34.3000000000108,1.00082784783554
34.3500000000106,1.00081627893874
34.4000000000105,1.00080998014492
34.4500000000104,1.0008072760599
34.5000000000103,1.00080706464213
34.5500000000102,1.00080861713751
34.6000000000101,1.00081144295073
34.6500000000099,1.00081521013849
34.7000000000098,1.00081969117017
34.7500000000097,1.00082471273386
34.8000000000096,1.00082884911529
34.8500000000095,1.00083320919087
34.9000000000094,1.00083806535123
34.9500000000092,1.00084184345271
35.0000000000091,1.0008429801902
35.050000000009,1.00084516675071
35.1000000000089,1.0008482813726
35.1500000000088,1.00085207828761
35.2000000000087,1.00085585757214
35.2500000000085,1.00085980438892
35.3000000000084,1.00086403210877
35.3500000000083,1.00086855858721
35.4000000000082,1.00087338119621
35.4500000000081,1.00087848304275
35.500000000008,1.00088385013034
35.5500000000078,1.00088946565177
35.6000000000077,1.0008953145281
35.6500000000076,1.00090692448703
35.7000000000075,1.00073336852673
35.7500000000074,1.00064897634672
35.8000000000073,1.00060397163434
35.8500000000071,1.00057684549998
35.900000000007,1.00055960525148
35.9500000000069,1.00054823949303
36.0000000000068,1.000540649157
36.0500000000067,1.00053567024013
36.1000000000066,1.00053260979304
36.1500000000065,1.00053102759452
36.2000000000063,1.00053062435904
36.2500000000062,1.00053118786478
36.3000000000061,1.00054995238722
36.350000000006,1.0005465789056
36.4000000000059,1.00054569939634
36.4500000000058,1.00054666492725
36.5000000000056,1.00054900531567
36.5500000000055,1.00055239842931
36.6000000000054,1.00055661735116
36.6500000000053,1.00056150219469
36.7000000000052,1.00056693414495
36.7500000000051,1.00057282715983
36.8000000000049,1.00057911685134
36.8500000000048,1.00058575461416
36.9000000000047,1.00059270372968
36.9500000000046,1.00059993724804
37.0000000000045,1.00060743218275
37.0500000000044,1.00061517336298
37.1000000000042,1.00062314663418
37.1500000000041,1.00063134266037
37.200000000004,1.0006397527716
37.2500000000039,1.00064836877369
37.3000000000038,1.00065718693735
37.3500000000037,1.00066620426647
37.4000000000035,1.00067541392976
37.4500000000034,1.00068481458148
37.5000000000033,1.00074364478017
37.5500000000032,1.00075232791032
37.6000000000031,1.00076181352689
37.650000000003,1.00077208165948
37.7000000000028,1.00078257985167
37.7500000000027,1.00079371387103
37.8000000000026,1.00114076633953
37.8500000000025,1.00088368101987
37.9000000000024,1.00094817235836
37.9500000000023,1.00100999651468
38.0000000000021,1.00106300463066
38.050000000002,1.00110870517086
38.1000000000019,1.00114918032784
38.1500000000018,1.00118607229188
38.2000000000017,1.00122050950047
38.2500000000016,1.00125323978713
38.3000000000014,1.00113380331019
38.3500000000013,1.00115610234371
38.4000000000012,1.00118522637467
38.4500000000011,1.00121592950343
38.500000000001,1.00124655156668
38.5500000000009,1.00127649080247
38.6000000000007,1.00130554560512
38.6500000000006,1.00133368840838
38.7000000000005,1.00136097374416
38.7500000000004,1.00138748587785
38.8000000000003,1.00141331974381
38.8500000000002,1.00143857365676
38.9,1.00146333826454
38.9499999999999,1.0014876936421
38.9999999999998,1.00151171564188
39.0499999999997,1.0015354681448
39.0999999999996,1.00155901126511
39.1499999999995,1.00158239397635
39.1999999999993,1.00160566166685
39.2499999999992,1.00162885296114
39.2999999999991,1.0016520009141
39.349999999999,1.00167513736105
39.3999999999989,1.00169828147888
39.4499999999988,1.00172026558962
39.4999999999986,1.00174048744271
39.5499999999985,1.00176136881402
39.5999999999984,1.00180998914783
39.6499999999983,1.00189354171121
39.6999999999982,1.00190540905862
39.7499999999981,1.00195339451921
39.7999999999979,1.00199814952334
39.8499999999978,1.00203618704275
39.8999999999977,1.00206864406192
39.9499999999976,1.00209714037108
39.9999999999975,1.00212295591203
40.0499999999974,1.0021469903694
40.0999999999972,1.00216985175812
40.1499999999971,1.00219236405344
40.199999999997,1.00221425037293
40.2499999999969,1.00223581783486
40.2999999999968,1.00225726026398
40.3499999999967,1.00227868613933
40.3999999999965,1.00239163643509
40.4499999999964,1.00241190302224
40.4999999999963,1.0024331480437
40.5499999999962,1.00245480475291
40.5999999999961,1.00247669537684
40.649999999996,1.0024987528952
40.6999999999958,1.00252096757627
40.7499999999957,1.00254334821758
40.7999999999956,1.00256591187479
40.8499999999955,1.00258867497777
40.8999999999954,1.00261165676884
40.9499999999953,1.00263444865232
40.9999999999951,1.00265492032874
41.049999999995,1.00267550220139
41.0999999999949,1.00269636086199
41.1499999999948,1.00271750020845
41.1999999999947,1.00295661283057
41.2499999999946,1.00297189446905
41.2999999999944,1.0029938886529
41.3499999999943,1.00301767596052
41.3999999999942,1.00304175523354
41.4499999999941,1.00306565913306
41.499999999994,1.00308927209283
41.5499999999939,1.00311259534375
41.5999999999937,1.00313567459538
41.6499999999936,1.00315856480923
41.6999999999935,1.00318132513978
41.7499999999934,1.00266769712958
41.7999999999933,1.00252960384678
41.8499999999932,1.00238506575581
41.899999999993,1.00248238349678
41.9499999999929,1.00249927153231
41.9999999999928,1.00250382034718
42.0499999999927,1.0024982407093
42.0999999999926,1.00249254401503
42.1499999999925,1.00249695402656
42.1999999999924,1.00250393946267
42.2499999999922,1.00250651080187
42.2999999999921,1.0025108856017
42.349999999992,1.00251577719556
42.3999999999919,1.00252083268879
42.4499999999918,1.00252676921112
42.4999999999917,1.00253392258159
42.5499999999915,1.00268252457235
42.5999999999914,1.00269799066709
42.6499999999913,1.00271119027584
42.6999999999912,1.00272297713696
42.7499999999911,1.00273396150993
42.799999999991,1.00274461075188
42.8499999999908,1.00275529459274
42.8999999999907,1.00276624992167
42.9499999999906,1.00277763802007
42.9999999999905,1.00278954221459
43.0499999999904,1.00280196595436
43.0999999999903,1.00281493408286
43.1499999999901,1.00282840288155
43.19999999999,1.00284235840519
43.2499999999899,1.00263976353002
43.2999999999898,1.00239541543042
43.3499999999897,1.00235499389691
43.3999999999896,1.00234609396478
43.4499999999894,1.00220524980861
43.4999999999893,1.00210552133534
43.5499999999892,1.00185132271079
43.5999999999891,1.00181481092282
43.649999999989,1.00180116498414
43.6999999999889,1.00180168421074
43.7499999999887,1.00180994959194
43.7999999999886,1.00182221991053
43.8499999999885,1.00183676398584
43.8999999999884,1.00185270759847
43.9499999999883,1.00186958371381
43.9999999999882,1.00188710682256
44.049999999988,1.00190509107967
44.0999999999879,1.00192341208197
44.1499999999878,1.00194196897969
44.1999999999877,1.00196069146055
44.2499999999876,1.00202743734062
44.2999999999875,1.0020421414226
44.3499999999873,1.00205955917564
44.3999999999872,1.00217333142458
44.4499999999871,1.00241286505488
44.499999999987,1.00270069734735
44.5499999999869,1.00251827896862
44.5999999999868,1.00255536236125
44.6499999999866,1.00258534845451
44.6999999999865,1.00261121126645
44.7499999999864,1.00263545816822
44.7999999999863,1.00232863967486
44.8499999999862,1.00221353848686
44.8999999999861,1.00291936670031
44.9499999999859,1.00222769485484
44.9999999999858,1.00193362178935
45.0499999999857,1.00181040172487
45.0999999999856,1.00176178082168
45.1499999999855,1.00174467452979
45.1999999999854,1.00173926275623
45.2499999999852,1.00173790444082
45.2999999999851,1.00173845616172
45.349999999985,1.00174034724011
45.3999999999849,1.00174329838339
45.4499999999848,1.00174697077869
45.4999999999847,1.00175107967679
45.5499999999845,1.00175543110981
45.5999999999844,1.00175987160539
45.6499999999843,1.0017643456174
45.6999999999842,1.00176891546523
45.7499999999841,1.001773500235
45.799999999984,1.00177817133048
45.8499999999838,1.00178280590965
45.8999999999837,1.00178748747395
45.9499999999836,1.00175682420988
45.9999999999835,1.00175968026336
46.0499999999834,1.00176383828682
46.0999999999833,1.00176875548231
46.1499999999831,1.00177408116669
46.199999999983,1.00177958612663
46.2499999999829,1.00178516019729
46.2999999999828,1.00179073892352
46.3499999999827,1.00179630504308
46.3999999999826,1.00180186104132
46.4499999999824,1.00180741198099
46.4999999999823,1.00181301256164
46.5499999999822,1.00181867347614
46.5999999999821,1.00182444401974
46.649999999982,1.00183034530255
46.6999999999819,1.00183640475215
46.7499999999817,1.00184265726051
46.7999999999816,1.00184909484944
46.8499999999815,1.00185570652553
46.8999999999814,1.00186246024044
46.9499999999813,1.00186930306676
46.9999999999812,1.00187618470023
47.049999999981,1.00188306539817
47.0999999999809,1.00188993436035
47.1499999999808,1.00189680957335
47.1999999999807,1.00190373333266
47.2499999999806,1.00167840360404
47.2999999999805,1.0016185551163
47.3499999999803,1.00145290609536
47.3999999999802,1.00140862121483
47.4499999999801,1.00139524594199
47.49999999998,1.00138973376295
47.5499999999799,1.0013857185901
47.5999999999798,1.00138158254422
47.6499999999796,1.00137703029042
47.6999999999795,1.00137214922329
47.7499999999794,1.00136711694011
47.7999999999793,1.00136211778508
47.8499999999792,1.00135736150633
47.8999999999791,1.00141046667061
47.9499999999789,1.00140748345426
47.9999999999788,1.00140489446454
48.0499999999787,1.00134542744147
48.0999999999786,1.00133553831416
48.1499999999785,1.00132957349965
48.1999999999784,1.00132548892737
48.2499999999783,1.00132234265302
48.2999999999781,1.00131971883104
48.349999999978,1.00131743145995
48.3999999999779,1.00131539854054
48.4499999999778,1.00131358450304
48.4999999999777,1.00131198158173
48.5499999999776,1.00131058937219
48.5999999999774,1.00130941055999
48.6499999999773,1.00130844840439
48.6999999999772,1.00130770871206
48.7499999999771,1.00130719441118
48.799999999977,1.00130690777473
48.8499999999769,1.00130684912258
48.8999999999767,1.0013070184438
48.9499999999766,1.00130741477856
48.9999999999765,1.00130803479234
49.0499999999764,1.00130887741806
49.0999999999763,1.00130993791453
49.1499999999762,1.00131121384233
49.199999999976,1.00131270274805
49.2499999999759,1.00131439981274
49.2999999999758,1.00131629834534
49.3499999999757,1.00131839594365
49.3999999999756,1.00132068967585
49.4499999999755,1.0013231738352
49.4999999999753,1.00132584232264
49.5499999999752,1.00132869444782
49.5999999999751,1.00133172435799
49.649999999975,1.00133492751871
49.6999999999749,1.00133830066201
49.7499999999748,1.00134184063544
49.7999999999746,1.00134554167534
49.8499999999745,1.00134940207206
49.8999999999744,1.00135341684597
49.9499999999743,1.00135758253794
49.9999999999742,1.00136189701014
50.0499999999741,1.00136635638077
50.0999999999739,1.00137097969163
50.1499999999738,1.00137567418423
50.1999999999737,1.0013803501482
50.2499999999736,1.00138521243834
50.2999999999735,1.00139030454171
50.3499999999734,1.00139561791092
50.3999999999732,1.00140110873905
50.4499999999731,1.00140678841353
50.499999999973,1.00141274053109
50.5499999999729,1.00141887818211
50.5999999999728,1.00142514878856
50.6499999999727,1.00143161938564
50.6999999999725,1.00116662816952
50.7499999999724,1.00104861291429
50.7999999999723,1.00087071951668
50.8499999999722,1.00071131650073
50.8999999999721,1.00061166783747
50.949999999972,1.00050640769041
50.9999999999718,1.0004677460288
51.0499999999717,1.0004410859551
51.0999999999716,1.00042091919685
51.1499999999715,1.00040535396396
51.1999999999714,1.00039273350756
51.2499999999713,1.0003822992811
51.2999999999711,1.00037359386187
51.349999999971,1.00036630670649
51.3999999999709,1.00036021682029
51.4499999999708,1.00035515706978
51.4999999999707,1.00035099960256
51.5499999999706,1.00034764253953
51.5999999999704,1.00034500534139
51.6499999999703,1.00034302013893
51.6999999999702,1.00034162931425
51.7499999999701,1.00034098111321
51.79999999997,1.00034082507436
51.8499999999699,1.00034108381404
51.8999999999697,1.00034174289955
51.9499999999696,1.00034269321701
51.9999999999695,1.00034303956528
52.0499999999694,1.00034391111878
52.0999999999693,1.00034514522855
52.1499999999692,1.00034674884951
52.199999999969,1.00034887557575
52.2499999999689,1.0003514545889
52.2999999999688,1.00035447039649
52.3499999999687,1.00035782354101
52.3999999999686,1.00036077308783
52.4499999999685,1.0003636090025
52.4999999999683,1.00038519381822
52.5499999999682,1.00039003409231
52.5999999999681,1.00039540006358
52.649999999968,1.00040119168428
52.6999999999679,1.00040734920319
52.7499999999678,1.00041384102759
52.7999999999676,1.00042064899059
52.8499999999675,1.00042788591724
52.8999999999674,1.00043529490116
52.9499999999673,1.0004430105116
52.9999999999672,1.00045104426738
53.0499999999671,1.00045938896246
53.0999999999669,1.00046804399791
53.1499999999668,1.00047701476821
53.1999999999667,1.00048630568319
53.2499999999666,1.00049592251457
53.2999999999665,1.00050527305261
53.3499999999664,1.00051221157146
53.3999999999662,1.00051959431202
53.4499999999661,1.00052754399455
53.499999999966,1.00053594949174
53.5499999999659,1.00054473227095
53.5999999999658,1.00055384189652
53.6499999999657,1.00056324692515
53.6999999999655,1.00051799836919
53.7499999999654,1.00052531969419
53.7999999999653,1.00053398104223
53.8499999999652,1.00054362293121
53.8999999999651,1.00055402663525
53.949999999965,1.00056505064069
53.9999999999648,1.00057660474574
54.0499999999647,1.00058862543828
54.0999999999646,1.00060107272722
54.1499999999645,1.00061391860478
54.1999999999644,1.000627143097
54.2499999999643,1.00064073615227
54.2999999999642,1.00065468647373
54.349999999964,1.0006689912075
54.3999999999639,1.00068364423699
54.4499999999638,1.00069864397745
54.4999999999637,1.00071398991128
54.5499999999636,1.00072947086155
54.5999999999635,1.00074471483703
54.6499999999633,1.00076044557886
54.6999999999632,1.00077659354212
54.7499999999631,1.00079312139943
54.799999999963,1.00081001062429
54.8499999999629,1.00082724935412
54.8999999999628,1.00084483029599
54.9499999999626,1.00086274609402
54.9999999999625,1.00088099365516
55.0499999999624,1.00089956900051
55.0999999999623,1.00096363752734
55.1499999999622,1.0009862176905
55.1999999999621,1.00100894265083
55.2499999999619,1.00103164697407
55.2999999999618,1.00105435719729
55.3499999999617,1.00107712216612
55.3999999999616,1.00109998713542
55.4499999999615,1.00112299699814
55.4999999999614,1.0011461828777
55.5499999999612,1.00116956991834
55.5999999999611,1.00119317915482
55.649999999961,1.00121702554527
55.6999999999609,1.0012411223331
55.7499999999608,1.00126548009448
55.7999999999607,1.00129010461797
55.8499999999605,1.00131500461663
55.8999999999604,1.00134018529743
55.9499999999603,1.0013656453885
55.9999999999602,1.00139139153033
56.0499999999601,1.00141742532026
56.09999999996,1.00144374881885
56.1499999999598,1.00147036159946
56.1999999999597,1.00204123661176
56.2499999999596,1.00126241057734
56.2999999999595,1.00131418819216
56.3499999999594,1.00137162018729
56.3999999999593,1.00142394737071
56.4499999999591,1.00147155173598
56.499999999959,1.00151566500143
56.5499999999589,1.00155731542296
56.5999999999588,1.00159680051636
56.6499999999587,1.00163465877032
56.6999999999586,1.0016716517099
56.7499999999584,1.00170421565047
56.7999999999583,1.00173616086408
56.8499999999582,1.00172451842641
56.8999999999581,1.0017503088522
56.949999999958,1.00177623676708
56.9999999999579,1.00180302048081
57.0499999999577,1.00183034800845
57.0999999999576,1.00185800799737
57.1499999999575,1.00188588652295
57.1999999999574,1.0019139299083
57.2499999999573,1.00194210942393
57.2999999999572,1.00197041421983
57.349999999957,1.00199883846265
57.3999999999569,1.00202738168472
57.4499999999568,1.00205604214353
57.4999999999567,1.00208482767155
57.5499999999566,1.00211373967439
57.5999999999565,1.00214278118098
57.6499999999563,1.00228982069296
57.6999999999562,1.00231296539077
57.7499999999561,1.00233787243432
57.799999999956,1.0023637962868
57.8499999999559,1.00239029971338
57.8999999999558,1.00241716580956
57.9499999999556,1.00244429368873
57.9999999999555,1.00247162338219
58.0499999999554,1.00249912430103
58.0999999999553,1.00252677433301
58.1499999999552,1.00255456250674
58.1999999999551,1.00258248823778
58.2499999999549,1.00261054699322
58.2999999999548,1.00263519319533
58.3499999999547,1.00265824156957
58.3999999999546,1.00213153246737
58.4499999999545,1.00207073141685
58.4999999999544,1.00204713848025
58.5499999999542,1.00204446292099
58.5999999999541,1.00204975967189
58.649999999954,1.00205871470235
58.6999999999539,1.00206970025195
58.7499999999538,1.00212217252606
58.7999999999537,1.00222037718149
58.8499999999535,1.00228116762862
58.8999999999534,1.00234105282931
58.9499999999533,1.00239367559644
58.9999999999532,1.00243906044602
59.0499999999531,1.00231606196817
59.099999999953,1.0023509621676
59.1499999999528,1.00210377784797
59.1999999999527,1.00206074378545
59.2499999999526,1.00209216871447
59.2999999999525,1.00213462192317
59.3499999999524,1.00217750689513
59.3999999999523,1.00221840283896
59.4499999999521,1.00225735732449
59.499999999952,1.00229472373499
59.5499999999519,1.00233078118659
59.5999999999518,1.00236576985789
59.6499999999517,1.00239988951543
59.6999999999516,1.0024332962173
59.7499999999514,1.00246611434057
59.7999999999513,1.00249843834461
59.8499999999512,1.00267524330404
59.8999999999511,1.00270706969702
59.949999999951,1.0027393244273
59.9999999999509,1.00277164908477
60.0499999999507,1.00280379649521
60.0999999999506,1.00283567192513
60.1499999999505,1.00286725643815
60.1999999999504,1.00289856857888
60.2499999999503,1.00292963667447
60.2999999999502,1.00296049805814
60.3499999999501,1.00299118677131
60.3999999999499,1.00302173600008
60.4499999999498,1.00305217368844
60.4999999999497,1.00308252884349
60.5499999999496,1.00278544530879
60.5999999999495,1.0027407198539
60.6499999999494,1.00275654711296
60.6999999999492,1.00277366401322
60.7499999999491,1.00279607819621
60.799999999949,1.00283426644051
60.8499999999489,1.00279366066314
60.8999999999488,1.00278065023049
60.9499999999487,1.00278315753791
60.9999999999485,1.00279401610889
61.0499999999484,1.00280976142947
61.0999999999483,1.0028285714136
61.1499999999482,1.00284941215156
61.1999999999481,1.00287166872266
61.249999999948,1.0028949614467
61.2999999999478,1.00291904473463
61.3499999999477,1.002943755128
61.3999999999476,1.00296898138281
61.4499999999475,1.00299464807053
61.4999999999474,1.0030207004529
61.5499999999473,1.00287585276632
61.5999999999471,1.00293578789842
61.649999999947,1.003031123403
61.6999999999469,1.00319040763528
61.7499999999468,1.00321829976987
61.7999999999467,1.00324610779858
61.8499999999466,1.00327433347037
61.8999999999464,1.00330286335733
61.9499999999463,1.00333157641946
61.9999999999462,1.00336041401996
62.0499999999461,1.00338935119633
62.099999999946,1.00341837682759
62.1499999999459,1.00344748363958
62.1999999999457,1.0032930510221
62.2499999999456,1.00298962265549
62.2999999999455,1.00290233080205
62.3499999999454,1.00275764199909
62.3999999999453,1.00298669070454
62.4499999999452,1.00307810484733
62.499999999945,1.00385406660764
62.5499999999449,1.00302261294535
62.5999999999448,1.0027030647606
62.6499999999447,1.00258498804784
62.6999999999446,1.00253609835544
62.7499999999445,1.00250821742097
62.7999999999443,1.00248370164846
62.8499999999442,1.0024610168127
62.8999999999441,1.00244099093872
62.949999999944,1.00242309657901
62.9999999999439,1.00240662449239
63.0499999999438,1.00239099501949
63.0999999999436,1.00237637984264
63.1499999999435,1.00236275852401
63.1999999999434,1.00235028516012
63.2499999999433,1.00233879715274
63.2999999999432,1.00232822650968
63.3499999999431,1.00231873683516
63.3999999999429,1.0023101891421
63.4499999999428,1.00230274431469
63.4999999999427,1.00229628009857
63.5499999999426,1.00229087068786
63.5999999999425,1.00228645587756
63.6499999999424,1.0022830537113
63.6999999999422,1.00228067717632
63.7499999999421,1.00227934632331
63.799999999942,1.0022790505672
63.8499999999419,1.00231987472512
63.8999999999418,1.00231703165602
63.9499999999417,1.00231737234493
63.9999999999415,1.00231953548043
64.0499999999418,1.00232292669387
64.099999999942,1.00216625093539
64.1499999999423,1.00204086163352
64.1999999999425,1.00198228194528
64.2499999999427,1.00197110184334
64.299999999943,1.00194962405513
64.3499999999432,1.00194173517577
64.3999999999434,1.00193977129756
64.4499999999437,1.00194107682451
64.4999999999439,1.00194450656178
64.5499999999442,1.00194944600133
64.5999999999444,1.00195551996228
64.6499999999446,1.00196247171049
64.6999999999449,1.00197011623194
64.7499999999451,1.00197832356219
64.7999999999454,1.00198699102201
64.8499999999456,1.00199604423709
64.8999999999458,1.00200542365768
64.9499999999461,1.00201508747171
64.9999999999463,1.00202499743874
65.0499999999466,1.00184813466346
65.0999999999468,1.00231536078026
65.149999999947,1.00180261199794
65.1999999999473,1.00167389004346
65.2499999999475,1.0016445557865
65.2999999999477,1.00164344119471
65.349999999948,1.00165042243115
65.3999999999482,1.00165943775391
65.4499999999485,1.00166816321959
65.4999999999487,1.0016755104945
65.5499999999489,1.00168118845314
65.5999999999492,1.0016855672981
65.6499999999494,1.0016892750394
65.6999999999497,1.00169286176802
65.7499999999499,1.00169667504971
65.7999999999501,1.0017008296041
65.8499999999504,1.00170540232384
65.8999999999506,1.00171038869425
65.9499999999508,1.00171580549672
65.9999999999511,1.00172166684415
66.0499999999513,1.00149553025083
66.0999999999516,1.00138985507677
66.1499999999518,1.00121178720069
66.199999999952,1.00114094788124
66.2499999999523,1.00110400752828
66.2999999999525,1.00107966311937
66.3499999999528,1.00106107498588
66.399999999953,1.00104571057997
66.4499999999532,1.00103281472426
66.4999999999535,1.00102115128439
66.5499999999537,1.00101083601041
66.599999999954,1.00100188443572
66.6499999999542,1.00099418287675
66.6999999999544,1.00098760665239
66.7499999999547,1.000982024753
66.7999999999549,1.00097731475097
66.8499999999551,1.00097336690126
66.8999999999554,1.00096717597187
66.9499999999556,1.000963104269
66.9999999999559,1.00096041727889
67.0499999999561,1.00095876797359
67.0999999999563,1.00095794856342
67.1499999999566,1.00095783664838
67.1999999999568,1.00095834371999
67.2499999999571,1.00102571565238
67.2999999999573,1.00102522839169
67.3499999999575,1.00102749816101
67.3999999999578,1.00103131804623
67.449999999958,1.00103601713903
67.4999999999582,1.00104125852343
67.5499999999585,1.00071394731761
67.5999999999587,1.0006634426694
67.649999999959,1.00060601327099
67.6999999999592,1.00058840220437
67.7499999999594,1.00058213075631
67.7999999999597,1.00057810133111
67.8499999999599,1.00057568318804
67.8999999999602,1.00057471047528
67.9499999999604,1.00057488958111
67.9999999999606,1.00057597678587
68.0499999999609,1.00057779999265
68.0999999999611,1.00058024332133
68.1499999999614,1.00058322255276
68.1999999999616,1.00058667583957
68.2499999999618,1.00059073760664
68.2999999999621,1.00059531048995
68.3499999999623,1.00059997778069
68.3999999999625,1.00060485496397
68.4499999999628,1.00060997904464
68.499999999963,1.00061516903413
68.5499999999633,1.00062108865719
68.5999999999635,1.00062771590133
68.6499999999637,1.00063490681638
68.699999999964,1.00064257373994
68.7499999999642,1.00065065691064
68.7999999999645,1.00065911500919
68.8499999999647,1.0006679194764
68.8999999999649,1.00067705213186
68.9499999999652,1.00068649591644
68.9999999999654,1.00069623890743
69.0499999999656,1.00070627040971
69.0999999999659,1.0007165841718
69.1499999999661,1.00072717329457
69.1999999999664,1.00073803204797
69.2499999999666,1.0007491557201
69.2999999999668,1.00076054086733
69.3499999999671,1.00077218481636
69.3999999999673,1.00078408458998
69.4499999999676,1.00079623716014
69.4999999999678,1.00080863932308
69.549999999968,1.00082129076297
69.5999999999683,1.00065639593707
69.6499999999685,1.00066129306987
69.6999999999688,1.00066859355298
69.749999999969,1.00067712930642
69.7999999999692,1.00068567322166
69.8499999999695,1.00069458346478
69.8999999999697,1.00070380734125
69.9499999999699,1.00071390241464
69.9999999999702,1.00072344186843
70.0499999999704,1.00073334559469
70.0999999999707,1.00074383725566
70.1499999999709,1.0007548862757
70.1999999999711,1.00076642598871
70.2499999999714,1.0007784098499
70.2999999999716,1.00079081244603
70.3499999999719,1.00081264556427
70.3999999999721,1.00082471013765
70.4499999999723,1.00083840758585
70.4999999999726,1.00085179111368
70.5499999999728,1.00086466534571
70.5999999999731,1.0008786186113
70.6499999999733,1.00089330546601
70.6999999999735,1.00090850129604
70.7499999999738,1.00092407974382
70.799999999974,1.0009400333344
70.8499999999742,1.00095652690832
70.8999999999745,1.00097278432089
70.9499999999747,1.00098904744125
70.999999999975,1.00100547226869
71.0499999999752,1.00102214775289
71.0999999999754,1.00103912134021
71.1499999999757,1.00105642702562
71.1999999999759,1.00107407812171
71.2499999999762,1.00109208708807
71.2999999999764,1.00111045809613
71.3499999999766,1.0011291946386
71.3999999999769,1.00114829576322
71.4499999999771,1.0011677641152
71.4999999999773,1.00118759972038
71.5499999999776,1.00120780027701
71.5999999999778,1.00122836463669
71.6499999999781,1.00124929524814
71.6999999999783,1.00127058986084
71.7499999999785,1.0012922487625
71.7999999999788,1.00131427264445
71.849999999979,1.00133665837288
71.8999999999793,1.00135940832529
71.9499999999795,1.00138252117612
71.9999999999797,1.00140599699411
72.04999999998,1.00142983542325
72.0999999999802,1.0014540371649
72.1499999999805,1.00147067724181
72.1999999999807,1.00121889067467
72.2499999999809,1.00121357411513
72.2999999999812,1.00120155844029
72.3499999999814,1.00120532812076
72.3999999999816,1.00121663892824
72.4499999999819,1.00123092375653
72.4999999999821,1.00124652563817
72.5499999999824,1.0012628677313
72.5999999999826,1.00127976412067
72.6499999999828,1.00129716310724
72.6999999999831,1.00131504707456
72.7499999999833,1.00133340613018
72.7999999999836,1.00136040725932
72.8499999999838,1.0013823211304
72.899999999984,1.0014039849016
72.9499999999843,1.00142511940747
72.9999999999845,1.00144585038442
73.0499999999847,1.00146700680065
73.099999999985,1.0014882749837
73.1499999999852,1.00150964159812
73.1999999999855,1.00153115515473
73.2499999999857,1.00155285978061
73.2999999999859,1.00157478864182
73.3499999999862,1.00159696120128
73.3999999999864,1.00161939543706
73.4499999999867,1.0016414402906
73.4999999999869,1.00166236819083
73.5499999999871,1.00168353458035
73.5999999999874,1.00170505317563
73.6499999999876,1.00172692503638
73.6999999999879,1.00174913820121
73.7499999999881,1.00177168253362
73.7999999999883,1.00179305635665
73.8499999999886,1.00223968048921
73.8999999999888,1.00168711875265
73.949999999989,1.00167010013683
73.9999999999893,1.00168409504449
74.0499999999895,1.0017028217812
74.0999999999898,1.0017231005807
74.14999999999,1.0017449289383
74.1999999999902,1.00176787365993
74.2499999999905,1.00179165912184
74.2999999999907,1.001816089743
74.349999999991,1.00184100911344
74.3999999999912,1.00186629988879
74.4499999999914,1.00189187058154
74.4999999999917,1.00191765678205
74.5499999999919,1.00194361058426
74.5999999999921,1.00188675145123
74.6499999999924,1.00167933518739
74.6999999999926,1.00161177833205
74.7499999999929,1.00158520565702
74.7999999999931,1.00139309510598
74.8499999999933,1.00137929301221
74.8999999999936,1.00137784119089
74.9499999999938,1.00138234762168
74.9999999999941,1.00139122054607
75.0499999999943,1.00140285106966
75.0999999999945,1.00141374828787
75.1499999999948,1.00142591643972
75.199999999995,1.00143917529923
75.2499999999953,1.00145321511037
75.2999999999955,1.00146780716142
75.3499999999957,1.00148279697257
75.399999999996,1.00149807920217
75.4499999999962,1.00151358145203
75.4999999999964,1.00152925300334
75.5499999999967,1.00154506162884
75.5999999999969,1.00156098236062
75.6499999999972,1.00157699795084
75.6999999999974,1.0015930984704
75.7499999999976,1.00160927393593
75.7999999999979,1.00162551783655
75.8499999999981,1.00164182794225
75.8999999999984,1.00165820206318
75.9499999999986,1.00167463649737
75.9999999999988,1.00169112680781
76.0499999999991,1.00170767654401
76.0999999999993,1.00172428062839
76.1499999999996,1.00174094064808
76.1999999999998,1.00143298543527
76.25,1.00144185545643
76.3000000000003,1.00145578011544
76.3500000000005,1.00147215808196
76.4000000000007,1.00148979658829
76.450000000001,1.001508087232
76.5000000000012,1.00152670896842
76.5500000000015,1.00154548497032
76.6000000000017,1.00156082574265
76.6500000000019,1.00153622563788
76.7000000000022,1.00151653242789
76.7500000000024,1.00150819929637
76.8000000000027,1.00150727530477
76.8500000000029,1.00151100203729
76.9000000000031,1.00151769482621
76.9500000000034,1.00152632068215
77.0000000000036,1.00153629470329
77.0500000000038,1.00154704574423
77.1000000000041,1.00155891652446
77.1500000000043,1.00157196568007
77.2000000000046,1.00158540609283
77.2500000000048,1.00159917150948
77.300000000005,1.00161321077305
77.3500000000053,1.00162748072443
77.4000000000055,1.00164194696775
77.4500000000058,1.00165658536647
77.500000000006,1.00167137383698
77.5500000000062,1.00168629841477
77.6000000000065,1.00170134986579
77.6500000000067,1.00171651935711
77.700000000007,1.00173179983922
77.7500000000072,1.00174718747894
77.8000000000074,1.00176268243607
77.8500000000077,1.00177827917145
77.9000000000079,1.0017939781687
77.9500000000081,1.00180977823723
78.0000000000084,1.00193565930038
78.0500000000086,1.00194681512447
78.1000000000089,1.0019575298224
78.1500000000091,1.00206106003188
78.2000000000093,1.00207368774933
78.2500000000096,1.00208782742197
78.3000000000098,1.00210258837933
78.3500000000101,1.00211767578425
78.4000000000103,1.00213292906159
78.4500000000105,1.00214826325218
78.5000000000108,1.00216363238788
78.550000000011,1.00217901101363
78.6000000000112,1.00219439080262
78.6500000000115,1.00220976544709
78.7000000000117,1.00239634655116
78.750000000012,1.00173903155432
78.8000000000122,1.00168398726177
78.8500000000124,1.00170078292428
78.9000000000127,1.00172635486743
78.9500000000129,1.00175316362801
79.0000000000132,1.00178002093399
79.0500000000134,1.0018065915426
79.1000000000136,1.00183273753602
79.1500000000139,1.00185839274886
79.2000000000141,1.00188353762512
79.2500000000144,1.00190817555473
79.3000000000146,1.00193232809792
79.3500000000148,1.00195556313829
79.4000000000151,1.00197762021552
79.4500000000153,1.00199927502243
79.5000000000155,1.00202061937432
79.5500000000158,1.00204169634087
79.600000000016,1.00206253188386
79.6500000000163,1.00208314494079
79.7000000000165,1.00210355125057
79.7500000000167,1.00212376429489
79.800000000017,1.00214379584549
79.8500000000172,1.00198728028792
79.9000000000175,1.00207480201727
79.9500000000177,1.00196048844573
80.0000000000179,1.00196506964088
80.0500000000182,1.00198137270597
80.1000000000184,1.00206249885972
80.1500000000187,1.00241982752444
80.2000000000189,1.0026294093109
80.2500000000191,1.00277047123465
80.3000000000194,1.00297258935979
80.3500000000196,1.00305438324238
80.4000000000198,1.00311423380422
80.4500000000201,1.00315991944556
80.5000000000203,1.0031964418545
80.5500000000206,1.0032268863008
80.6000000000208,1.00325317424884
80.650000000021,1.00327652395317
80.7000000000213,1.00329773763329
80.7500000000215,1.00344149672609
80.8000000000218,1.00284185364319
80.850000000022,1.00274383105285
80.9000000000222,1.00270724096303
80.9500000000225,1.00268955645186
81.0000000000227,1.00268168829224
81.0500000000229,1.00267947710987
81.1000000000232,1.00268076075812
81.1500000000234,1.00268485089151
81.2000000000237,1.00269323659988
81.2500000000239,1.00270259785058
81.3000000000241,1.0027113622777
81.3500000000244,1.00272180064833
81.4000000000246,1.00273336830237
81.4500000000249,1.00274572095103
81.5000000000251,1.00275870024525
81.5500000000253,1.00277221835597
81.6000000000256,1.00278621464586
81.6500000000258,1.00280064516787
81.7000000000261,1.00281548303304
81.7500000000263,1.00336618732032
81.8000000000265,1.00303380999162
81.8500000000268,1.00306874448478
81.900000000027,1.00310521446557
81.9500000000272,1.00312982721578
82.0000000000275,1.0028728512344
82.0500000000277,1.00281977889661
82.100000000028,1.00272042688569
82.1500000000282,1.00269397465278
82.2000000000284,1.0026484315944
82.2500000000287,1.00264563589474
82.3000000000289,1.00264740419807
82.3500000000292,1.00265081559058
82.4000000000294,1.00265530666904
82.4500000000296,1.00266080687524
82.5000000000299,1.00266731277958
82.5500000000301,1.00267477747095
82.6000000000303,1.00268312900249
82.6500000000306,1.00269227706655
82.7000000000308,1.00270214222991
82.7500000000311,1.00271265509603
82.8000000000313,1.00272376213793
82.8500000000315,1.00273541278632
82.9000000000318,1.00274755894439
82.950000000032,1.00276016055482
83.0000000000323,1.00277317801686
83.0500000000325,1.00278658691018
83.1000000000327,1.00280034692938
83.150000000033,1.0028144375909
83.2000000000332,1.00282883458289
83.2500000000335,1.0028435152468
83.3000000000337,1.00285846670974
83.3500000000339,1.00287367098561
83.4000000000342,1.00288911662162
83.4500000000344,1.00290478764296
83.5000000000346,1.00292067462442
83.5500000000349,1.002936768566
83.6000000000351,1.00295306374088
83.6500000000354,1.00340960115014
83.7000000000356,1.0025726231627
83.7500000000358,1.00238596454601
83.8000000000361,1.00232403956609
83.8500000000363,1.00231279120811
83.9000000000366,1.00231158897606
83.9500000000368,1.00229863137996
84.000000000037,1.00228272557628
84.0500000000373,1.00227158195049
84.1000000000375,1.00226558756681
84.1500000000377,1.0022631628414
84.200000000038,1.00226254371376
84.2500000000382,1.00226238973913
84.3000000000385,1.00226217564152
84.3500000000387,1.00226194794179
84.4000000000389,1.0022618987648
84.4500000000392,1.00226233214327
84.5000000000394,1.00226336673411
84.5500000000397,1.00226507313089
84.6000000000399,1.00215640186185
84.6500000000401,1.0020814133112
84.7000000000404,1.00205347751544
84.7500000000406,1.00204126631413
84.8000000000409,1.00212708747027
84.8500000000411,1.00190528304907
84.9000000000413,1.00175613575342
84.9500000000416,1.00170271626724
85.0000000000418,1.00167656004802
85.050000000042,1.00166281952155
85.1000000000423,1.00165543428493
85.1500000000425,1.00165154241694
85.2000000000428,1.00209743048833
85.250000000043,1.00140291783715
85.3000000000432,1.00120244501126
85.3500000000435,1.00114609700654
85.4000000000437,1.00112821756947
85.450000000044,1.00112170852574
85.5000000000442,1.00111951988336
85.5500000000444,1.00111868005963
85.6000000000447,1.00111769173168
85.6500000000449,1.00111582323621
85.7000000000452,1.00111323160684
85.7500000000454,1.00111043859628
85.8000000000456,1.00110793785697
85.8500000000459,1.00110594552377
85.9000000000461,1.00110452811997
85.9500000000463,1.00110364640523
86.0000000000466,1.00110326171553
86.0500000000468,1.00110331818211
86.1000000000471,1.00110378103771
86.1500000000473,1.00110460746062
86.2000000000475,1.00110574457909
86.2500000000478,1.00110712285676
86.300000000048,1.00110868124659
86.3500000000483,1.00111037361481
86.4000000000485,1.00111218003575
86.4500000000487,1.00111410424827
86.500000000049,1.00111616722808
86.5500000000492,1.00111839001034
86.6000000000494,1.00112078948914
86.6500000000497,1.00112337480965
86.7000000000499,1.00112614973843
86.7500000000502,1.00112910901709
86.8000000000504,1.00113225210642
86.8500000000506,1.00113557487833
86.9000000000509,1.00099323353171
86.9500000000511,1.00092944620404
87.0000000000514,1.00087454097652
87.0500000000516,1.00083971925387
87.1000000000518,1.00081724741515
87.1500000000521,1.00080336336766
87.2000000000523,1.00079481265875
87.2500000000526,1.00079005668888
87.3000000000528,1.00078816800924
87.350000000053,1.00078845989689
87.4000000000533,1.00079039755506
87.4500000000535,1.00079361600079
87.5000000000537,1.00079792651813
87.550000000054,1.00080314429499
87.6000000000542,1.00080911511574
87.6500000000545,1.00081572139523
87.7000000000547,1.00082295603071
87.7500000000549,1.00083074384922
87.8000000000552,1.00083903166023
87.8500000000554,1.00084776697163
87.9000000000557,1.00085690193054
87.9500000000559,1.00086639602484
88.0000000000561,1.00092156750107
88.0500000000564,1.00092636067722
88.1000000000566,1.00093347763198
88.1500000000568,1.00094198108288
88.2000000000571,1.00095151306096
88.2500000000573,1.00096163365966
88.3000000000576,1.00097142960674
88.3500000000578,1.0009819773165
88.400000000058,1.00099319061037
88.4500000000583,1.00100492947478
88.5000000000585,1.001017077422
88.5500000000588,1.00090965988367
88.600000000059,1.00076706349681
88.6500000000592,1.00061615294439
88.7000000000595,1.00055715626877
88.7500000000597,1.00054626019789
88.80000000006,1.00054393171791
88.8500000000602,1.00054467054118
88.9000000000604,1.00054697728628
88.9500000000607,1.00055020750919
89.0000000000609,1.00055403973111
89.0500000000611,1.00055806199521
89.1000000000614,1.00056231276808
89.1500000000616,1.00056705096935
89.2000000000619,1.00057212417052
89.2500000000621,1.00057744204744
89.3000000000623,1.00058295381888
89.3500000000626,1.00058862702125
89.4000000000628,1.00059444227718
89.4500000000631,1.00060038733553
89.5000000000633,1.00060645218106
89.5500000000635,1.00061263182379
89.6000000000638,1.00061892064016
89.650000000064,1.00062531837869
89.7000000000643,1.00063182160248
89.7500000000645,1.00063844487905
89.8000000000647,1.00064545534013
89.850000000065,1.00065259115125
89.9000000000652,1.00065283156676
89.9500000000654,1.0006596947025
90.0000000000657,1.00066764634373
90.0500000000659,1.00067551995011
90.1000000000662,1.0006832551697
90.1500000000664,1.00069099391722
90.2000000000666,1.0006987675463
90.2500000000669,1.00070660010849
90.3000000000671,1.00071450304434
90.3500000000674,1.00072172476388
90.4000000000676,1.00072884365597
90.4500000000678,1.00073603932539
90.5000000000681,1.00074334584393
90.5500000000683,1.00075077452997
90.6000000000685,1.00075833059529
90.6500000000688,1.00076601367984
90.700000000069,1.00077382068306
90.7500000000693,1.00078175059894
90.8000000000695,1.00078980271446
90.8500000000697,1.00079797552345
90.90000000007,1.00080626867086
90.9500000000702,1.00081468269472
91.0000000000705,1.00082321584365
91.0500000000707,1.00083575941613
91.1000000000709,1.00084300054244
91.1500000000712,1.00085164670026
91.2000000000714,1.00086114297032
91.2500000000717,1.00087011136525
91.3000000000719,1.00087930652974
91.3500000000721,1.00088888888609
91.4000000000724,1.00089884989923
91.4500000000726,1.00090914376015
91.5000000000728,1.00091972673107
91.5500000000731,1.00093055719082
91.6000000000733,1.00094160548437
91.6500000000736,1.00095284762953
91.7000000000738,1.00096426555713
91.750000000074,1.00097584774279
91.8000000000743,1.00098758275455
91.8500000000745,1.00099946724979
91.9000000000748,1.00101149565063
91.950000000075,1.00102366408825
92.0000000000752,1.00103597079592
92.0500000000755,1.00104841361733
92.1000000000757,1.001060992431
92.1500000000759,1.00107370589354
92.2000000000762,1.0010865528081
92.2500000000764,1.00109953446352
92.3000000000767,1.00111264808762
92.3500000000769,1.00112589398527
92.4000000000771,1.00113927212737
92.4500000000774,1.00117641547874
92.5000000000776,1.00118808961171
92.5500000000779,1.00120273347168
92.6000000000781,1.00121809236397
92.6500000000783,1.00123358118944
92.7000000000786,1.0012490480434
92.7500000000788,1.00126446100555
92.8000000000791,1.00127982610432
92.8500000000793,1.00129515787986
92.9000000000795,1.00131014273169
92.9500000000798,1.00132497119594
93.00000000008,1.00134022083746
93.0500000000802,1.00135556917041
93.1000000000805,1.0013469312577
93.1500000000807,1.0011875462193
93.200000000081,1.00114816523209
93.2500000000812,1.00114225852534
93.3000000000814,1.00104468631741
93.3500000000817,1.00105010107252
93.4000000000819,1.00105710797357
93.4500000000822,1.00106498839987
93.5000000000824,1.0010733773301
93.5500000000826,1.00108209644177
93.6000000000829,1.00109118732436
93.6500000000831,1.00109962095105
93.7000000000833,1.00110552480496
93.7500000000836,1.00111147241506
93.8000000000838,1.00111772720386
93.8500000000841,1.00112429044962
93.9000000000843,1.00113113427959
93.9500000000845,1.00113823208685
94.0000000000848,1.00114555792223
94.050000000085,1.00115309523155
94.1000000000853,1.0011608296158
94.1500000000855,1.00116874728902
94.2000000000857,1.00117683663046
94.250000000086,1.00118508930115
94.3000000000862,1.00119349877386
94.3500000000865,1.00120205997306
94.4000000000867,1.00121076808158
94.4500000000869,1.0012196187604
94.5000000000872,1.00122861049643
94.5500000000874,1.0010311194434
94.6000000000876,1.00100766033793
94.6500000000879,1.00098966968634
94.7000000000881,1.00097685203994
94.7500000000884,1.00096798796339
94.8000000000886,1.0009621034229
94.8500000000888,1.00095848474442
94.9000000000891,1.00095661554935
94.9500000000893,1.00095611642668
95.0000000000896,1.00095671109107
95.0500000000898,1.00095818830278
95.10000000009,1.00096038804456
95.1500000000903,1.00096318964039
95.2000000000905,1.00096649494424
95.2500000000908,1.0009702300551
95.300000000091,1.00097433754392
95.3500000000912,1.00097876923488
95.4000000000915,1.0009834864767
95.4500000000917,1.00098845679862
95.5000000000919,1.00099372542817
95.5500000000922,1.0009983677044
95.6000000000924,1.00100276170598
95.6500000000927,1.00100724207371
95.7000000000929,1.00101190297677
95.7500000000931,1.00101676797346
95.8000000000934,1.00102183660735
95.8500000000936,1.00090245481149
95.9000000000939,1.00088056288709
95.9500000000941,1.00088299271367
96.0000000000943,1.00089079570596
96.0500000000946,1.00090428557348
96.1000000000948,1.00091826634852
96.150000000095,1.000931597365
96.2000000000953,1.0009442642946
96.2500000000955,1.00095645826347
96.3000000000958,1.00101984868019
96.350000000096,1.00103424529655
96.4000000000962,1.00104942902836
96.4500000000965,1.00106456872816
96.5000000000967,1.00107946355335
96.550000000097,1.00109408457924
96.6000000000972,1.0011084580805
96.6500000000974,1.00112262357252
96.7000000000977,1.00113662529982
96.7500000000979,1.0011504980894
96.8000000000982,1.00116427299852
96.8500000000984,1.00117797603677
96.9000000000986,1.00119163002822
96.9500000000989,1.00120525113462
97.0000000000991,1.00121885195543
97.0500000000993,1.0012324505318
97.1000000000996,1.00124605279281
97.1500000000998,1.00125966992012
97.2000000001001,1.00127331120266
97.2500000001003,1.00128698179847
97.3000000001005,1.00130068866314
97.3500000001008,1.00131443929161
97.400000000101,1.00132743759861
97.4500000001013,1.00136423149064
97.5000000001015,1.00137238718705
97.5500000001017,1.00138106402083
97.600000000102,1.00138967082595
97.6500000001022,1.00139914314193
97.7000000001024,1.00140984273007
97.7500000001027,1.00145036271797
97.8000000001029,1.00146938076286
97.8500000001032,1.00151608901172
97.9000000001034,1.00156598964757
97.9500000001036,1.00161227171591
98.0000000001039,1.00165436317018
98.0500000001041,1.00169295429625
98.1000000001044,1.00166839178141
98.1500000001046,1.00168816060844
98.2000000001048,1.00171691564336
98.2500000001051,1.00174888903195
98.3000000001053,1.00178160822219
98.3500000001056,1.00181395928157
98.4000000001058,1.00184545639218
98.450000000106,1.00187592608868
98.5000000001063,1.00190534543305
98.5500000001065,1.00193376547551
98.6000000001067,1.00174888593016
98.650000000107,1.00163278051698
98.7000000001072,1.0016148096105
98.7500000001075,1.00175335293475
98.8000000001077,1.00176145100152
98.8500000001079,1.00177563342849
98.9000000001082,1.00179293091009
98.9500000001084,1.0018117776877
99.0000000001087,1.0018314003338
99.0500000001089,1.00185135896002
99.1000000001091,1.00187141097666
99.1500000001094,1.00189143726925
99.2000000001096,1.0019113769853
99.2500000001098,1.00193120950791
99.3000000001101,1.00195093394488
99.3500000001103,1.00197056034738
99.4000000001106,1.00199010684727
99.4500000001108,1.00200958718127
99.500000000111,1.00202901974944
99.5500000001113,1.00204842401997
99.6000000001115,1.00206781253815
99.6500000001118,1.00208720118684
99.700000000112,1.00220009058571
99.7500000001122,1.00247567917949
99.8000000001125,1.0025690084455
99.8500000001127,1.00264956736885
99.900000000113,1.00271468791997
99.9500000001132,1.00276757244725
100.000000000113,1.00281220675632
100.050000000114,1.00285154801759
100.100000000114,1.00288750260503
100.150000000114,1.00292125497608
100.200000000114,1.00295352191014
100.250000000115,1.00298475315092
100.300000000115,1.00301523292918
100.350000000115,1.00304515708142
100.400000000115,1.00307466262459
100.450000000116,1.00310385070789
100.500000000116,1.00313280671079
100.550000000116,1.00324456531414
100.600000000116,1.00323072911655
100.650000000117,1.00322188152167
100.700000000117,1.00322607530663
100.750000000117,1.00336888091179
100.800000000117,1.00338484911103
100.850000000117,1.00340527619677
100.900000000118,1.00342840333537
100.950000000118,1.00343053701147
101.000000000118,1.0031928062949
101.050000000118,1.00322188595801
101.100000000119,1.00325506480994
101.150000000119,1.00328875869666
101.200000000119,1.00332299474202
101.250000000119,1.0033564970363
101.30000000012,1.00338914632464
101.35000000012,1.00342109907489
101.40000000012,1.00345252661926
101.45000000012,1.00453319037321
101.500000000121,1.00257961946088
101.550000000121,1.00244266984516
101.600000000121,1.00241491871367
101.650000000121,1.00241857634837
101.700000000122,1.0024344864224
101.750000000122,1.00245527063826
101.800000000122,1.00258922770062
101.850000000122,1.00261898515374
101.900000000123,1.00264646580099
101.950000000123,1.0026722260105
102.000000000123,1.00269656821046
102.050000000123,1.00271979943567
102.100000000123,1.0027421747869
102.150000000124,1.00276390108969
102.200000000124,1.00278513073284
102.250000000124,1.00274609012557
102.300000000124,1.00281344543702
102.350000000125,1.00286541943046
102.400000000125,1.00291461692957
102.450000000125,1.00277586216614
102.500000000125,1.00298513641327
102.550000000126,1.00272838279671
102.600000000126,1.002712644833
102.650000000126,1.00273917807992
102.700000000126,1.00278382896539
102.750000000127,1.00281884557251
102.800000000127,1.00282690490445
102.850000000127,1.00282822577383
102.900000000127,1.00292927738591
102.950000000128,1.00293706412225
103.000000000128,1.00294907236672
103.050000000128,1.00296174167301
103.100000000128,1.0029728201428
103.150000000128,1.00298180534516
103.200000000129,1.00298932279145
103.250000000129,1.0029963675013
103.300000000129,1.00324008575462
103.350000000129,1.00287768082602
103.40000000013,1.00266240746291
103.45000000013,1.00257823508589
103.50000000013,1.0025374526788
103.55000000013,1.00251387277462
103.600000000131,1.00249883455425
103.650000000131,1.00248897106085
103.700000000131,1.00248282278269
103.750000000131,1.00247969957601
103.800000000132,1.00247901421557
103.850000000132,1.00251031586021
103.900000000132,1.0027635244638
103.950000000132,1.00227857053833
104.000000000133,1.00211970073163
104.050000000133,1.00225247496907
104.100000000133,1.00225841943677
104.150000000133,1.00230634250738
104.200000000133,1.0023462223903
104.250000000134,1.00237475479931
104.300000000134,1.00239353664715
104.350000000134,1.0024036535956
104.400000000134,1.00240637288131
104.450000000135,1.00240413281044
104.500000000135,1.00239896948496
104.550000000135,1.00239230376973
104.600000000135,1.00238489772232
104.650000000136,1.00237723682789
104.700000000136,1.00236964801229
104.750000000136,1.00236311952893
104.800000000136,1.00235656680018
104.850000000137,1.00235025161529
104.900000000137,1.00234432109085
104.950000000137,1.00233883016747
105.000000000137,1.00233380559112
105.050000000138,1.00232925666431
105.100000000138,1.00232519083996
105.150000000138,1.0023216136391
105.200000000138,1.0023123769212
105.250000000138,1.0023027866991
105.300000000139,1.00229494902154
105.350000000139,1.00183633859214
105.400000000139,1.00169393054406
105.450000000139,1.00161057750043
105.50000000014,1.0015630608406
105.55000000014,1.00153080106121
105.60000000014,1.00150620601046
105.65000000014,1.00148598450015
105.700000000141,1.00146856599448
105.750000000141,1.00145312252752
105.800000000141,1.0014391778177
105.850000000141,1.00142643507615
105.900000000142,1.00141469652024
105.950000000142,1.00137712274081
106.000000000142,1.00126242905067
106.050000000142,1.00103053530077
106.100000000143,1.0009257822367
106.150000000143,1.00087011652026
106.200000000143,1.00083474039599
106.250000000143,1.00080808032077
106.300000000144,1.00078569901579
106.350000000144,1.00076598579435
106.400000000144,1.00061076753814
106.450000000144,1.00059100968154
106.500000000144,1.00057504572497
106.550000000145,1.00056167538713
106.600000000145,1.00055022504088
106.650000000145,1.00054026551884
106.700000000145,1.00053151083366
106.750000000146,1.0005237683621
106.800000000146,1.00051689806247
106.850000000146,1.00051079453254
106.900000000146,1.00050537123687
106.950000000147,1.00050055668699
107.000000000147,1.00049629124044
107.050000000147,1.00049252241358
107.100000000147,1.00048920754601
107.150000000148,1.00048630882926
107.200000000148,1.00048379243502
107.250000000148,1.00048162941732
107.300000000148,1.00047979449995
107.350000000149,1.00047826519951
107.400000000149,1.00047702018292
107.450000000149,1.00047604204692
107.500000000149,1.00047531393907
107.550000000149,1.00047482112093
107.60000000015,1.00047454958868
107.65000000015,1.00047448754438
107.70000000015,1.00047462390175
107.75000000015,1.00047494777789
107.800000000151,1.00047545010722
107.850000000151,1.00047612247887
107.900000000151,1.00047695733863
107.950000000151,1.00047794660095
108.000000000152,1.00041761603977
108.050000000152,1.00041793989621
108.100000000152,1.00041929499318
108.150000000152,1.00042120619985
108.200000000153,1.00042345415421
108.250000000153,1.0004259254581
108.300000000153,1.00042855669784
108.350000000153,1.00043131210723
108.400000000154,1.00043417023913
108.450000000154,1.0004371181154
108.500000000154,1.00044014833558
108.550000000154,1.00044325636444
108.600000000154,1.00044643907173
108.650000000155,1.00044969514463
108.700000000155,1.00045302306086
108.750000000155,1.00045642231797
108.800000000155,1.00045989281663
108.850000000156,1.00046343341994
108.900000000156,1.00046742643953
108.950000000156,1.00047216944345
109.000000000156,1.00047683439338
109.050000000157,1.0004813889871
109.100000000157,1.00048587804741
109.150000000157,1.00049034640936
109.200000000157,1.00049482665009
109.250000000158,1.00049936020379
109.300000000158,1.00050395623744
109.350000000158,1.00050846971383
109.400000000158,1.00051298068694
109.450000000159,1.00051753996956
109.500000000159,1.000522175596
109.550000000159,1.00052690507689
109.600000000159,1.00053173752793
109.65000000016,1.00053667858184
109.70000000016,1.00054173099774
109.75000000016,1.0005468960795
109.80000000016,1.00055217316681
109.85000000016,1.00055756133357
109.900000000161,1.00056305967177
109.950000000161,1.0005686661163
110.000000000161,1.0005743801143
110.050000000161,1.0005801985253
110.100000000162,1.00058612093843
110.150000000162,1.00059214523666
110.200000000162,1.00059827000684
110.250000000162,1.00060449349465
110.300000000163,1.00061081551556
110.350000000163,1.00061723293224
110.400000000163,1.00062374564522
110.450000000163,1.00063035222865
110.500000000164,1.00063705142014
110.550000000164,1.00062924600571
110.600000000164,1.00061553120787
110.650000000164,1.00060588267544
110.700000000165,1.00060154247561
110.750000000165,1.00060037068745
110.800000000165,1.00060102458951
110.850000000165,1.0006026844336
110.900000000165,1.00060530514879
110.950000000166,1.00060872645438
111.000000000166,1.00061281375292
111.050000000166,1.00061746030958
111.100000000166,1.00062258287061
111.150000000167,1.00062811259861
111.200000000167,1.00063399556659
111.250000000167,1.00064018817779
111.300000000167,1.00064665368289
111.350000000168,1.00065336357032
111.400000000168,1.00066029367317
111.450000000168,1.00066760609597
111.500000000168,1.00067508142602
111.550000000169,1.00068260029543
111.600000000169,1.00069025779753
111.650000000169,1.00069808875096
111.700000000169,1.00070610215542
111.75000000017,1.00071429954225
111.80000000017,1.00072267824204
111.85000000017,1.00073123148097
111.90000000017,1.0007399554462
111.95000000017,1.00074887482902
112.000000000171,1.00075821652168
112.050000000171,1.00076771197159
112.100000000171,1.00077734144913
112.150000000171,1.00078709889073
112.200000000172,1.00079697493979
112.250000000172,1.00080702867094
112.300000000172,1.00081776860051
112.350000000172,1.00082815619043
112.400000000173,1.00083851270179
112.450000000173,1.00084898980705
112.500000000173,1.00085792048476
112.550000000173,1.00090060341721
112.600000000174,1.00090737857931
112.650000000174,1.0009150389913
112.700000000174,1.00092323481183
112.750000000174,1.00093251753573
112.800000000175,1.0009782604335
112.850000000175,1.00098831222947
112.900000000175,1.00099904922077
112.950000000175,1.00101020257345
113.000000000176,1.00088337958422
113.050000000176,1.00062129817023
113.100000000176,1.00053529737109
113.150000000176,1.00049787400892
113.200000000176,1.000481497918
113.250000000177,1.00047447112634
113.300000000177,1.00047242234768
113.350000000177,1.00047332060117
113.400000000177,1.00047609635954
113.450000000178,1.00048013925863
113.500000000178,1.00048507542481
113.550000000178,1.00049066435085
113.600000000178,1.00049658610636
113.650000000179,1.00050291636038
113.700000000179,1.00050954848666
113.750000000179,1.00051647728143
113.800000000179,1.00052370779954
113.85000000018,1.00053113182751
113.90000000018,1.00053872982899
113.95000000018,1.00054647567779
114.00000000018,1.00055435496407
114.050000000181,1.00056281710917
114.100000000181,1.00057112078075
114.150000000181,1.00057926854769
114.200000000181,1.00058738053998
114.250000000181,1.00059551230489
114.300000000182,1.0006036953535
114.350000000182,1.00061194749347
114.400000000182,1.0006202781434
114.450000000182,1.00062869323161
114.500000000183,1.0006371969511
114.550000000183,1.00064579101275
114.600000000183,1.00065447361291
114.650000000183,1.00066324595897
114.700000000184,1.00067210863821
114.750000000184,1.00068106050189
114.800000000184,1.0005454880935
114.850000000184,1.00055645117535
114.900000000185,1.00056546097423
114.950000000185,1.00057435437337
115.000000000185,1.00058313235055
115.050000000185,1.00059171502748
115.100000000186,1.00060007878487
115.150000000186,1.00060823471368
115.200000000186,1.00061620927958
115.250000000186,1.00062403371865
115.300000000186,1.00063173728411
115.350000000187,1.00063935096568
115.400000000187,1.00064689913342
115.450000000187,1.00065440445446
115.500000000187,1.0006618856254
115.550000000188,1.00066899786658
115.600000000188,1.00067450423604
115.650000000188,1.00068039229943
115.700000000188,1.00068678461288
115.750000000189,1.0006935700657
115.800000000189,1.00070066490126
115.850000000189,1.00070801718244
115.900000000189,1.00071559232274
115.95000000019,1.00072336799408
116.00000000019,1.00073133672017
116.05000000019,1.0007394911142
116.10000000019,1.00074782938612
116.150000000191,1.00075634917315
116.200000000191,1.00076505099946
116.250000000191,1.00077362532887
116.300000000191,1.00078064583321
116.350000000191,1.00078798690898
116.400000000192,1.00079572073756
116.450000000192,1.00080377160715
116.500000000192,1.00081208085057
116.550000000192,1.00082060814668
116.600000000193,1.00082932762099
116.650000000193,1.00083822088869
116.700000000193,1.0008472763072
116.750000000193,1.00085648613473
116.800000000194,1.00086584535536
116.850000000194,1.00087535056146
116.900000000194,1.00088499785227
116.950000000194,1.00089478791227
117.000000000195,1.00090471824211
117.050000000195,1.00091478970897
117.100000000195,1.00098695790713
117.150000000195,1.00099870716538
117.200000000196,1.00100968178692
117.250000000196,1.00102038745043
117.300000000196,1.00103106806573
117.350000000196,1.00104183497223
117.400000000197,1.00096455330313
117.450000000197,1.00094518683052
117.500000000197,1.00096331019463
117.550000000197,1.00099080384118
117.600000000197,1.00102073069795
117.650000000198,1.0010504468672
117.700000000198,1.00107905292241
117.750000000198,1.00110635424556
117.800000000198,1.00122035655658
117.850000000199,1.00123835353
117.900000000199,1.00125433743307
117.950000000199,1.00127050109231
118.000000000199,1.00128713010476
118.0500000002,1.0013041021234
118.1000000002,1.00132125637224
118.1500000002,1.00133847493549
118.2000000002,1.00135568618842
118.250000000201,1.00137285039431
118.300000000201,1.00138995081249
118.350000000201,1.00140698493659
118.400000000201,1.00142420057816
118.450000000202,1.00144171033196
118.500000000202,1.00145900177585
118.550000000202,1.00147612706933
118.600000000202,1.00149316487343
118.650000000202,1.00151016728891
118.700000000203,1.00152716945614
118.750000000203,1.00154419670962
118.800000000203,1.00156112195486
118.850000000203,1.0015775332644
118.900000000204,1.00159394788456
118.950000000204,1.00161046443883
119.000000000204,1.00138517737567
119.050000000204,1.00123829145564
119.100000000205,1.00129815808616
119.150000000205,1.00132914139011
119.200000000205,1.00135968798216
119.250000000205,1.00138939880162
119.300000000206,1.00141759541887
119.350000000206,1.00144428159217
119.400000000206,1.00146970930151
119.450000000206,1.00149416036457
119.500000000207,1.00151787150024
119.550000000207,1.00162898881108
119.600000000207,1.0016479815088
119.650000000207,1.00166825289096
119.700000000207,1.00168966996724
119.750000000208,1.00171200012744
119.800000000208,1.00173497267663
119.850000000208,1.00175835598666
119.900000000208,1.00178197752216
119.950000000209,1.001805719802
120.000000000209,1.00182950128901
